{
  "top20_features": [
    "EXT_SOURCE_3",
    "EXT_SOURCE_2",
    "EXT_SOURCE_1",
    "EMPLOYED_YEARS",
    "INST_LATE_RATIO",
    "CREDIT_TO_GOODS",
    "POS_MONTHS",
    "CC_BALANCE_MEAN",
    "ANNUITY_TO_INCOME",
    "AGE_YEARS",
    "INST_UNDERPAY_RATIO",
    "BEHAVIORAL_RISK_SCORE",
    "PREV_DAYS_DECISION_MEAN",
    "EXT_SOURCE_STD",
    "DEF_60_CNT_SOCIAL_CIRCLE",
    "NONLIVINGAPARTMENTS_AVG",
    "LIVINGAREA_AVG",
    "FLOORSMIN_AVG",
    "LIVINGAPARTMENTS_AVG",
    "LANDAREA_AVG"
  ],
  "top20_mean_abs_shap": [
    0.06386845625307769,
    0.05261216679135944,
    0.02646320613033151,
    0.017744521186234288,
    0.01331698989083845,
    0.013225294133057196,
    0.0036436531903086366,
    0.0027995774062409017,
    0.0025923548593242787,
    0.0019289308718763306,
    0.001644776909630056,
    0.001289967919426224,
    0.0006567745885501174,
    0.0006539062213025209,
    0.0003744073678403376,
    0.0,
    0.0,
    0.0,
    0.0,
    0.0
  ],
  "sample_size": 500,
  "model": "LightGBM_monotonic"
}